"","model","AIC","BIC"
"1","ols_spi",7382.06020757765,7443.49583523386
"2","ols_sci",9003.17776536915,9093.67166757418
"3","ols_multiple",3292.0010089119,3335.40460194917
