"","model","AIC","BIC"
"1","ols_spi",6482.76055691061,6517.67298863962
"2","ols_sci",9006.39398350372,9043.6515565417
"3","ols_multiple",3279.33757792307,3314.06045235289
