"model","F_statistic","p_value"
"ols_spi_di",9.36702687546101,1.85858468003038e-07
"fd_spi_di",5.33618757599486,0.000299461039446816
"fe_spi_di",1.393469599205,0.234118807189284
